record_id,member_ids,member_names,record_type,title,date,date_display,year,venue,location,role,authors,citation,doi,url,pubmed_id,abstract_or_description,image,visibility,featured,source_file,permalink,notes_private
pub_2019-feb-stanaway-ib-genet-epidemiol-2019,rachel_knevel,Rachel Knevel,publication,"The eMERGE genotype set of 83,717 subjects imputed to ~40&thinsp;million variants genome wide and association with the herpes zoster medical record phenotype",2019-02,2019 Feb,2019,Genet Epidemiol,,author,,"Stanaway IB, Hall TO, Rosenthal EA, Palmer M, Naranbhai V, Knevel R, Namjou-Khales B, Carroll RJ, Kiryluk K, Gordon AS, Linder J, Howell KM, Mapes BM, Lin FTJ, Joo YY, Hayes MG, Gharavi AG, Pendergrass SA, Ritchie MD, de Andrade M, Croteau-Chonka DC, Raychaudhuri S, Weiss ST, Lebo M, Amr SS, Carrell D, Larson EB, Chute CG, Rasmussen-Torvik LJ, Roy-Puckelwartz MJ, Sleiman P, Hakonarson H, Li R, Karlson EW, Peterson JF, Kullo IJ, Chisholm R, Denny JC, Jarvik GP; eMERGE Network; Crosslin DR. (2019) &quot;The eMERGE genotype set of 83,717 subjects imputed to ~40&thinsp;million variants genome wide and association with the herpes zoster medical record phenotype&quot; <i>Genet Epidemiol. 2019 Feb;43(1):63-81. doi: 10.1002/gepi.22167. Epub 2018 Oct 8.</i>",10.1002/gepi.22167,https://doi.org/10.1002/gepi.22167,,"The Electronic Medical Records and Genomics (eMERGE) network is a network of medical centers with electronic medical records linked to existing biorepository samples for genomic discovery and genomic medicine research. The network sought to unify the genetic results from 78 Illumina and Affymetrix genotype array batches from 12 contributing medical centers for joint association analysis of 83,717 human participants. In this report, we describe the imputation of eMERGE results and methods to create the unified imputed merged set of genome-wide variant genotype data. We imputed the data using the Michigan Imputation Server, which provides a missing single-nucleotide variant genotype imputation service using the minimac3 imputation algorithm with the Haplotype Reference Consortium genotype reference set. We describe the quality control and filtering steps used in the generation of this data set and suggest generalizable quality thresholds for imputation and phenotype association studies. To test the merged imputed genotype set, we replicated a previously reported chromosome 6 HLA-B herpes zoster (shingles) association and discovered a novel zoster-associated loci in an epigenetic binding site near the terminus of chromosome 3 (3p29).",,public,,_publications/2019 Feb-Stanaway_IB_Genet Epidemiol_2019.md,/publication/2019 Feb-Stanaway_IB_Genet Epidemiol_2019,
pub_2019-oct-9-traylor-m-plos-one-2019,rachel_knevel,Rachel Knevel,publication,"Genetic associations with radiological damage in rheumatoid arthritis: Meta-analysis of seven genome-wide association studies of 2,775 cases",2019 Oct 9,2019 Oct 9,2019,PLoS One,,author,,"Traylor M, Knevel R, Cui J, Taylor J, Harm-Jan W, Conaghan PG, Cope AP, Curtis C, Emery P, Newhouse S, Patel H, Steer S, Gregersen P, Shadick NA, Weinblatt ME, Van Der Helm-van Mil A, Barrett JH, Morgan AW, Lewis CM, Scott IC. (2019) &quot;Genetic associations with radiological damage in rheumatoid arthritis: Meta-analysis of seven genome-wide association studies of 2,775 cases&quot; <i>PLoS One. 2019 Oct 9;14(10):e0223246. doi: 10.1371/journal.pone.0223246. eCollection 2019.</i>",10.1371/journal.pone.0223246,https://doi.org/10.1371/journal.pone.0223246,,"Previous studies of radiological damage in rheumatoid arthritis (RA) have used candidate-gene approaches, or evaluated single genome-wide association studies (GWAS). We undertook the first meta-analysis of GWAS of RA radiological damage to: (1) identify novel genetic loci for this trait; and (2) test previously validated variants.",,public,,_publications/2019 Oct 9-Traylor_M_PLoS One_2019.md,/publication/2019 Oct 9-Traylor_M_PLoS One_2019,
pub_2020-mar-amariuta-t-immunol-rev-2020,rachel_knevel,Rachel Knevel,publication,Advances in genetics toward identifying pathogenic cell states of rheumatoid arthritis,2020-03,2020 Mar,2020,Immunol Rev,,author,,"Amariuta T, Luo Y, Knevel R, Okada Y, Raychaudhuri S. (2020) &quot;Advances in genetics toward identifying pathogenic cell states of rheumatoid arthritis&quot; <i>Immunol Rev. 2020 Mar;294(1):188-204. doi: 10.1111/imr.12827. Epub 2019 Nov 28.</i>",10.1111/imr.12827,https://doi.org/10.1111/imr.12827,,"Rheumatoid arthritis (RA) risk has a large genetic component (~60%) that is still not fully understood. This has hampered the design of effective treatments that could promise lifelong remission. RA is a polygenic disease with 106 known genome-wide significant associated loci and thousands of small effect causal variants. Our current understanding of RA risk has suggested cell-type-specific contexts for causal variants, implicating CD4&nbsp;+&nbsp;effector memory T cells, as well as monocytes, B cells and stromal fibroblasts. While these cellular states and categories are still mechanistically broad, future studies may identify causal cell subpopulations. These efforts are propelled by advances in single cell profiling. Identification of causal cell subpopulations may accelerate therapeutic intervention to achieve lifelong remission.",,public,,_publications/2020 Mar-Amariuta_T_Immunol Rev_2020.md,/publication/2020 Mar-Amariuta_T_Immunol Rev_2020,
pub_2020-may-15-knitza-j-jmir-mhealth-uhealth-2020,rachel_knevel,Rachel Knevel,publication,Toward Earlier Diagnosis Using Combined eHealth Tools in Rheumatology: The Joint Pain Assessment Scoring Tool (JPAST) Project,2020 May 15,2020 May 15,2020,JMIR Mhealth Uhealth,,author,,"Knitza J, Knevel R, Raza K, Bruce T, Eimer E, Gehring I, Mathsson-Alm L, Poorafshar M, Hueber AJ, Schett G, Johannesson M, Catrina A, Klareskog L; JPAST Group. (2020) &quot;Toward Earlier Diagnosis Using Combined eHealth Tools in Rheumatology: The Joint Pain Assessment Scoring Tool (JPAST) Project&quot; <i>JMIR Mhealth Uhealth. 2020 May 15;8(5):e17507. doi: 10.2196/17507.</i>",10.2196/17507,https://doi.org/10.2196/17507,,"Outcomes of patients with inflammatory rheumatic diseases have significantly improved over the last three decades, mainly due to therapeutic innovations, more timely treatment, and a recognition of the need to monitor response to treatment and to titrate treatments accordingly. Diagnostic delay remains a major challenge for all stakeholders. The combination of electronic health (eHealth) and serologic and genetic markers holds great promise to improve the current management of patients with inflammatory rheumatic diseases by speeding up access to appropriate care. The Joint Pain Assessment Scoring Tool (JPAST) project, funded by the European Union (EU) European Institute of Innovation and Technology (EIT) Health program, is a unique European project aiming to enable and accelerate personalized precision medicine for early treatment in rheumatology, ultimately also enabling prevention. The aim of the project is to facilitate these goals while at the same time, reducing cost for society and patients.",,public,,_publications/2020 May 15-Knitza_J_JMIR Mhealth Uhealth_2020.md,/publication/2020 May 15-Knitza_J_JMIR Mhealth Uhealth_2020,
pub_2020-nov-30-maarseveen-td-jmir-med-inform-2020,rachel_knevel;tjardo_maarseveen,Rachel Knevel;Tjardo Maarseveen,publication,Machine Learning Electronic Health Record Identification of Patients with Rheumatoid Arthritis: Algorithm Pipeline Development and Validation Study,2020 Nov 30,2020 Nov 30,2020,JMIR Med Inform,,author,,"Maarseveen TD, Meinderink T, Reinders MJT, Knitza J, Huizinga TWJ, Kleyer A, Simon D, van den Akker EB, Knevel R. (2020) &quot;Machine Learning Electronic Health Record Identification of Patients with Rheumatoid Arthritis: Algorithm Pipeline Development and Validation Study&quot; <i>JMIR Med Inform. 2020 Nov 30;8(11):e23930. doi: 10.2196/23930.</i>",10.2196/23930,https://doi.org/10.2196/23930,,"Financial codes are often used to extract diagnoses from electronic health records. This approach is prone to false positives. Alternatively, queries are constructed, but these are highly center and language specific. A tantalizing alternative is the automatic identification of patients by employing machine learning on format-free text entries.OBJECTIVE: The aim of this study was to develop an easily implementable workflow that builds a machine learning algorithm capable of accurately identifying patients with rheumatoid arthritis from format-free text fields in electronic health records.",,public,,_publications/2020 Nov 30-Maarseveen_TD_JMIR Med Inform_2020.md,/publication/2020 Nov 30-Maarseveen_TD_JMIR Med Inform_2020,
pub_2020-nov-cui-j-arthritis-rheumatol-2020,rachel_knevel,Rachel Knevel,publication,Interactions Between Genome-Wide Genetic Factors and Smoking Influencing Risk of Systemic Lupus Erythematosus,2020-11,2020 Nov,2020,Arthritis Rheumatol,,author,,"Cui J, Raychaudhuri S, Karlson EW, Speyer C, Malspeis S, Guan H, Sparks JA, Ni H, Liu X, Stevens E, Williams JN, Davenport EE, Knevel R, Costenbader KH. (2020) &quot;Interactions Between Genome-Wide Genetic Factors and Smoking Influencing Risk of Systemic Lupus Erythematosus&quot; <i>Arthritis Rheumatol. 2020 Nov;72(11):1863-1871. doi: 10.1002/art.41414. Epub 2020 Sep 23.</i>",10.1002/art.41414,https://doi.org/10.1002/art.41414,,To identify interactions between genetic factors and current or recent smoking in relation to risk of developing systemic lupus erythematosus (SLE).,,public,,_publications/2020 Nov-Cui_J_Arthritis Rheumatol_2020.md,/publication/2020 Nov-Cui_J_Arthritis Rheumatol_2020,
pub_2020-nov-huizinga-twj-lancet-rheumatol-2020,rachel_knevel,Rachel Knevel,publication,Interpreting big-data analysis of retrospective observational data,2020-11,2020 Nov,2020,Lancet Rheumatol,,author,,"Huizinga TWJ, Knevel R. (2020) &quot;Interpreting big-data analysis of retrospective observational data&quot; <i>Lancet Rheumatol. 2020 Nov;2(11):e652-e653. doi: 10.1016/S2665-9913(20)30289-7. Epub 2020 Aug 21.</i>",10.1016/S2665-9913(20)30289-7,https://doi.org/10.1016/S2665-9913(20)30289-7,,DOI: 10.1016/S2665-9913(20)30289-7PMCID: PMC7442429PMID: 32864629,,public,,_publications/2020 Nov-Huizinga_TWJ_Lancet Rheumatol_2020.md,/publication/2020 Nov-Huizinga_TWJ_Lancet Rheumatol_2020,
pub_2021-jun-22-maarseveen-td-arthritis-res-ther-2021,rachel_knevel;tjardo_maarseveen;marc_maurits,Rachel Knevel;Tjardo Maarseveen;Marc Maurits,publication,Handwork vs machine: a comparison of rheumatoid arthritis patient populations as identified from EHR free-text by diagnosis extraction through machine-learning or traditional criteria-based chart review,2021 Jun 22,2021 Jun 22,2021,Arthritis Res Ther,,author,,"Maarseveen TD, Maurits MP, Niemantsverdriet E, van der Helm-van Mil AHM, Huizinga TWJ, Knevel R. (2021) &quot;Handwork vs machine: a comparison of rheumatoid arthritis patient populations as identified from EHR free-text by diagnosis extraction through machine-learning or traditional criteria-based chart review&quot; <i>Arthritis Res Ther. 2021 Jun 22;23(1):174. doi: 10.1186/s13075-021-02553-4.</i>",10.1186/s13075-021-02553-4,https://doi.org/10.1186/s13075-021-02553-4,,"Electronic health records (EHRs) offer a wealth of observational data. Machine-learning (ML) methods are efficient at data extraction, capable of processing the information-rich free-text physician notes in EHRs. The clinical diagnosis contained therein represents physician expert opinion and is more consistently recorded than classification criteria components.OBJECTIVES: To investigate the overlap and differences between rheumatoid arthritis patients as identified either from EHR free-text through the extraction of the rheumatologist diagnosis using machine-learning (ML) or through manual chart-review applying the 1987 and 2010 RA classification criteria.",,public,,_publications/2021 Jun 22-Maarseveen_TD_Arthritis Res Ther_2021.md,/publication/2021 Jun 22-Maarseveen_TD_Arthritis Res Ther_2021,
pub_2021-jun-regueiro-c-arthritis-rheumatol-2021,rachel_knevel,Rachel Knevel,publication,HLA-B*08 Identified as the Most Prominently Associated Major Histocompatibility Complex Locus for Anti-Carbamylated Protein Antibody-Positive/Anti-Cyclic Citrullinated Peptide-Negative Rheumatoid Arthritis,2021-06,2021 Jun,2021,Arthritis Rheumatol,,author,,"Regueiro C, Casares-Marfil D, Lundberg K, Knevel R, Acosta-Herrera M, Rodriguez-Rodriguez L, Lopez-Mejias R, Perez-Pampin E, Triguero-Martinez A, Nu&ntilde;o L, Ferraz-Amaro I, Rodriguez-Carrio J, Lopez-Pedrera R, Robustillo-Villarino M, Casta&ntilde;eda S, Remuzgo-Martinez S, Alperi M, Alegre-Sancho JJ, Balsa A, Gonzalez-Alvaro I, Mera A, Fernandez-Gutierrez B, Gonzalez-Gay MA, Trouw LA, Gr&ouml;nwall C, Padyukov L, Martin J, Gonzalez A. (2021) &quot;HLA-B*08 Identified as the Most Prominently Associated Major Histocompatibility Complex Locus for Anti-Carbamylated Protein Antibody-Positive/Anti-Cyclic Citrullinated Peptide-Negative Rheumatoid Arthritis&quot; <i>Arthritis Rheumatol. 2021 Jun;73(6):963-969. doi: 10.1002/art.41630. Epub 2021 Apr 23.</i>",10.1002/art.41630,https://doi.org/10.1002/art.41630,,"Previously, only the HLA-DRB1 alleles have been assessed in rheumatoid arthritis (RA). The aim of the present study was to identify the key major histocompatibility complex (MHC) susceptibility factors showing a significant association with anti-carbamylated protein antibody-positive (anti-CarP+) RA.",,public,,_publications/2021 Jun-Regueiro_C_Arthritis Rheumatol_2021.md,/publication/2021 Jun-Regueiro_C_Arthritis Rheumatol_2021,
pub_2021-mar-2-van-leeuwen-nm-rheumatology-oxford-2021,rachel_knevel;marc_maurits,Rachel Knevel;Marc Maurits,publication,Disease progression in systemic sclerosis,2021 Mar 2,2021 Mar 2,2021,Rheumatology (Oxford),,author,,"van Leeuwen NM, Liem SIE, Maurits MP, Ninaber M, Marsan NA, Allaart CF, Huizinga TWJ, Knevel R, de Vries-Bouwstra JK. (2021) &quot;Disease progression in systemic sclerosis&quot; <i>Rheumatology (Oxford). 2021 Mar 2;60(3):1565-1567. doi: 10.1093/rheumatology/keaa911.</i>",10.1093/rheumatology/keaa911,https://doi.org/10.1093/rheumatology/keaa911,,DOI: 10.1093/rheumatology/keaa911PMCID: PMC7937017PMID: 33404661 [Indexed for MEDLINE],,public,,_publications/2021 Mar 2-van_Leeuwen_NM_Rheumatology (Oxford)_2021.md,/publication/2021 Mar 2-van_Leeuwen_NM_Rheumatology (Oxford)_2021,
pub_2021-may-van-leeuwen-nm-rmd-open-2021,rachel_knevel;marc_maurits,Rachel Knevel;Marc Maurits,publication,New risk model is able to identify patients with a low risk of progression in systemic sclerosis,2021-05,2021 May,2021,RMD Open,,author,,"van Leeuwen NM, Maurits M, Liem S, Ciaffi J, Ajmone Marsan N, Ninaber M, Allaart C, Gillet van Dongen H, Goekoop R, Huizinga T, Knevel R, De Vries-Bouwstra J. (2021) &quot;New risk model is able to identify patients with a low risk of progression in systemic sclerosis&quot; <i>RMD Open. 2021 May;7(2):e001524. doi: 10.1136/rmdopen-2020-001524.</i>",10.1136/rmdopen-2020-001524,https://doi.org/10.1136/rmdopen-2020-001524,,To develop a prediction model to guide annual assessment of systemic sclerosis (SSc) patients tailored in accordance to disease activity.,,public,,_publications/2021 May-van_Leeuwen_NM_RMD Open_2021.md,/publication/2021 May-van_Leeuwen_NM_RMD Open_2021,
pub_2022-apr-25-knevel-r-front-med-lausanne-2022,rachel_knevel;tjardo_maarseveen;marc_maurits,Rachel Knevel;Tjardo Maarseveen;Marc Maurits,publication,Rheumatic?-A Digital Diagnostic Decision Support Tool for Individuals Suspecting Rheumatic Diseases: A Multicenter Pilot Validation Study,2022 Apr 25,2022 Apr 25,2022,Front Med (Lausanne),,author,,"Knevel R, Knitza J, Hensvold A, Circiumaru A, Bruce T, Evans S, Maarseveen T, Maurits M, Beaart-van de Voorde L, Simon D, Kleyer A, Johannesson M, Schett G, Huizinga T, Svanteson S, Lindfors A, Klareskog L, Catrina A. (2022) &quot;Rheumatic?-A Digital Diagnostic Decision Support Tool for Individuals Suspecting Rheumatic Diseases: A Multicenter Pilot Validation Study&quot; <i>Front Med (Lausanne). 2022 Apr 25;9:774945. doi: 10.3389/fmed.2022.774945. eCollection 2022.</i>",10.3389/fmed.2022.774945,https://doi.org/10.3389/fmed.2022.774945,,Digital diagnostic decision support tools promise to accelerate diagnosis and increase health care efficiency in rheumatology. Rheumatic? is an online tool developed by specialists in rheumatology and general medicine together with patients and patient organizations. It calculates a risk score for several rheumatic diseases. We ran a pilot study retrospectively testing Rheumatic? for its ability to differentiate symptoms from existing or emerging immune-mediated rheumatic diseases from other rheumatic and musculoskeletal complaints and disorders in patients visiting rheumatology clinics.MATERIALS AND ,,public,,_publications/2022 Apr 25-Knevel_R_Front Med (Lausanne)_2022.md,/publication/2022 Apr 25-Knevel_R_Front Med (Lausanne)_2022,
pub_2022-jan-wouters-f-ann-rheum-dis-2022,rachel_knevel;marc_maurits,Rachel Knevel;Marc Maurits,publication,Determining in which pre-arthritis stage HLA-shared epitope alleles and smoking exert their effect on the development of rheumatoid arthritis,2022-01,2022 Jan,2022,Ann Rheum Dis,,author,,"Wouters F, Maurits MP, van Boheemen L, Verstappen M, Mankia K, Matthijssen XME, Dorj&eacute;e AL, Emery P, Knevel R, van Schaardenburg D, Toes REM, van der Helm-van Mil AHM. (2022) &quot;Determining in which pre-arthritis stage HLA-shared epitope alleles and smoking exert their effect on the development of rheumatoid arthritis&quot; <i>Ann Rheum Dis. 2022 Jan;81(1):48-55. doi: 10.1136/annrheumdis-2021-220546. Epub 2021 Jul 20.</i>",10.1136/annrheumdis-2021-220546,https://doi.org/10.1136/annrheumdis-2021-220546,,"The human leukocyte antigen-shared epitope (HLA-SE) alleles and smoking are the most prominent genetic and environmental risk factors for rheumatoid arthritis (RA). However, at which pre-arthritis stage (asymptomatic/symptomatic) they exert their effect is unknown. We aimed to determine whether HLA-SE and smoking are involved in the onset of autoantibody positivity, symptoms (clinically suspect arthralgia (CSA)) and/or progression to clinical arthritis.",,public,,_publications/2022 Jan-Wouters_F_Ann Rheum Dis_2022.md,/publication/2022 Jan-Wouters_F_Ann Rheum Dis_2022,
pub_2022-jun-27-prosepe-i-front-epidemiol-2022,rachel_knevel,Rachel Knevel,publication,The Disconnect Between Development and Intended Use of Clinical Prediction Models for Covid-19: A Systematic Review and Real-World Data Illustration,2022 Jun 27,2022 Jun 27,2022,Front Epidemiol,,author,,"Prosepe I, Groenwold RHH, Knevel R, Pajouheshnia R, van Geloven N. (2022) &quot;The Disconnect Between Development and Intended Use of Clinical Prediction Models for Covid-19: A Systematic Review and Real-World Data Illustration&quot; <i>Front Epidemiol. 2022 Jun 27;2:899589. doi: 10.3389/fepid.2022.899589. eCollection 2022.</i>",10.3389/fepid.2022.899589,https://doi.org/10.3389/fepid.2022.899589,,The SARS-CoV-2 pandemic has boosted the appearance of clinical predictions models in medical literature. Many of these models aim to provide guidance for decision making on treatment initiation. Special consideration on how to account for post-baseline treatments is needed when developing such models. We examined how post-baseline treatment was handled in published Covid-19 clinical prediction models and we illustrated how much estimated risks may differ according to how treatment is handled.,,public,,_publications/2022 Jun 27-Prosepe_I_Front Epidemiol_2022.md,/publication/2022 Jun 27-Prosepe_I_Front Epidemiol_2022,
pub_2022-may-van-wesemael-tj-lancet-rheumatol-2022,rachel_knevel,Rachel Knevel,publication,Anti-citrullinated protein antibodies dominate the association of long-term outcomes and anti-modified protein antibodies in rheumatoid arthritis,2022-05,2022 May,2022,Lancet Rheumatol,,author,,"van Wesemael TJ, Verstappen M, Knevel R, van der Helm-van Mil AHM, Toes REM, van der Woude D. (2022) &quot;Anti-citrullinated protein antibodies dominate the association of long-term outcomes and anti-modified protein antibodies in rheumatoid arthritis&quot; <i>Lancet Rheumatol. 2022 May;4(5):e316-e317. doi: 10.1016/S2665-9913(22)00095-9.</i>",10.1016/S2665-9913(22)00095-9,https://doi.org/10.1016/S2665-9913(22)00095-9,,DOI: 10.1016/S2665-9913(22)00095-9PMID: 38294031,,public,,_publications/2022 May-van_Wesemael_TJ_Lancet Rheumatol_2022.md,/publication/2022 May-van_Wesemael_TJ_Lancet Rheumatol_2022,
pub_2022-sep-19-smit-jm-intensive-care-med-exp-2022,rachel_knevel;tim_verheijen,Rachel Knevel;Tim Verheijen,publication,Development and validation of an early warning model for hospitalized COVID-19 patients: a multi-center retrospective cohort study,2022 Sep 19,2022 Sep 19,2022,Intensive Care Med Exp,,author,,"Smit JM, Krijthe JH, Tintu AN, Endeman H, Ludikhuize J, van Genderen ME, Hassan S, El Moussaoui R, Westerweel PE, Goekoop RJ, Waverijn G, Verheijen T, den Hollander JG, de Boer MGJ, Gommers DAMPJ, van der Vlies R, Schellings M, Carels RA, van Nieuwkoop C, Arbous SM, van Bommel J, Knevel R, de Rijke YB, Reinders MJT. (2022) &quot;Development and validation of an early warning model for hospitalized COVID-19 patients: a multi-center retrospective cohort study&quot; <i>Intensive Care Med Exp. 2022 Sep 19;10(1):38. doi: 10.1186/s40635-022-00465-4.</i>",10.1186/s40635-022-00465-4,https://doi.org/10.1186/s40635-022-00465-4,,"Timely identification of deteriorating COVID-19 patients is needed to guide changes in clinical management and admission to intensive care units (ICUs). There is significant concern that widely used Early warning scores (EWSs) underestimate illness severity in COVID-19 patients and therefore, we developed an early warning model specifically for COVID-19 patients.",,public,,_publications/2022 Sep 19-Smit_JM_Intensive Care Med Exp_2022.md,/publication/2022 Sep 19-Smit_JM_Intensive Care Med Exp_2022,
pub_2022-sep-knevel-r-rmd-open-2022,rachel_knevel,Rachel Knevel,publication,E-health as a sine qua non for modern healthcare,2022-09,2022 Sep,2022,RMD Open,,author,,"Knevel R, H&uuml;gle T. (2022) &quot;E-health as a sine qua non for modern healthcare&quot; <i>RMD Open. 2022 Sep;8(2):e002401. doi: 10.1136/rmdopen-2022-002401.</i>",10.1136/rmdopen-2022-002401,https://doi.org/10.1136/rmdopen-2022-002401,,"In each era we need to balance between being able to provide care with our &quot;technical skill, scientific knowledge, and human understanding&quot; (Harrison's Principles of Internal Medicine, 1950) to the individual patient and simultaneously ensure that our healthcare serves all. With the increasing demand of healthcare by an aging population and the lack of specialists, accessible healthcare within a reasonable time frame is not always guaranteed. E-health provides solutions for current situations where we do not meet our own aims of good healthcare, such as restrictions in access to care and a reduction in care availability by a reducing workforce. In addition, telemedicine offers opportunities to improve our healthcare beyond what is possible by in person visits. However, e-health is often viewed as an deficient version of healthcare of low quality. We disagree with this view. In this article we will discuss how to position e-health in the current situation of healthcare, given the continuing rapid development of digital technologies and the changing needs of healthcare professionals and patients. We will address the evolution of e-health towards connected and intelligent systems and the stakeholders perspective, aiming to open up the discussion on e-Health.",,public,,_publications/2022 Sep-Knevel_R_RMD Open_2022.md,/publication/2022 Sep-Knevel_R_RMD Open_2022,
pub_2023-apr-lundberg-k-rmd-open-2023,rachel_knevel;marc_maurits;ling_qing,Rachel Knevel;Marc Maurits;Ling Qing,publication,Population-based user-perceived experience of Rheumatic?: a novel digital symptom-checker in rheumatology,2023-04,2023 Apr,2023,RMD Open,,author,,"Lundberg K, Qin L, Aulin C, van Spil WE, Maurits MP, Knevel R. (2023) &quot;Population-based user-perceived experience of Rheumatic?: a novel digital symptom-checker in rheumatology&quot; <i>RMD Open. 2023 Apr;9(2):e002974. doi: 10.1136/rmdopen-2022-002974.</i>",10.1136/rmdopen-2022-002974,https://doi.org/10.1136/rmdopen-2022-002974,,"Digital symptom-checkers (SCs) have potential to improve rheumatology triage and reduce diagnostic delays. In addition to being accurate, SCs should be user friendly and meet patient's needs. Here, we examined usability and acceptance of Rheumatic?-a new and freely available online SC (currently with >44 000 users)-in a real-world setting.",,public,,_publications/2023 Apr-Lundberg_K_RMD Open_2023.md,/publication/2023 Apr-Lundberg_K_RMD Open_2023,
pub_2023-dec-1-vaskimo-lm-genes-basel-2023,rachel_knevel;georgy_gomon;lotta_vaskimo,Rachel Knevel;Georgy Gomon;Lotta Vaskimo,publication,The Application of Genetic Risk Scores in Rheumatic Diseases: A Perspective,2023 Dec 1,2023 Dec 1,2023,Genes (Basel),,author,,"Vaskimo LM, Gomon G, Naamane N, Cordell HJ, Pratt A, Knevel R. (2023) &quot;The Application of Genetic Risk Scores in Rheumatic Diseases: A Perspective&quot; <i>Genes (Basel). 2023 Dec 1;14(12):2167. doi: 10.3390/genes14122167.</i>",10.3390/genes14122167,https://doi.org/10.3390/genes14122167,,"Modest effect sizes have limited the clinical applicability of genetic associations with rheumatic diseases. Genetic risk scores (GRSs) have emerged as a promising solution to translate genetics into useful tools. In this review, we provide an overview of the recent literature on GRSs in rheumatic diseases. We describe six categories for which GRSs are used: (a) disease (outcome) prediction, (b) genetic commonalities between diseases, (c) disease differentiation, (d) interplay between genetics and environmental factors, (e) heritability and transferability, and (f) detecting causal relationships between traits. In our review of the literature, we identified current lacunas and opportunities for future work. First, the shortage of non-European genetic data restricts the application of many GRSs to European populations. Next, many GRSs are tested in settings enriched for cases that limit the transferability to real life. If intended for clinical application, GRSs are ideally tested in the relevant setting. Finally, there is much to elucidate regarding the co-occurrence of clinical traits to identify shared causal paths and elucidate relationships between the diseases. GRSs are useful instruments for this. Overall, the ever-continuing research on GRSs gives a hopeful outlook into the future of GRSs and indicates significant progress in their potential applications.",,public,,_publications/2023 Dec 1-Vaskimo_LM_Genes (Basel)_2023.md,/publication/2023 Dec 1-Vaskimo_LM_Genes (Basel)_2023,
pub_2023-dec-6-hamann-p-rmd-open-2023,rachel_knevel,Rachel Knevel,publication,Recommendation to implementation of remote patient monitoring in rheumatology: lessons learned and barriers to take,2023 Dec 6,2023 Dec 6,2023,RMD Open,,author,,"Hamann P, Knitza J, Kuhn S, Knevel R. (2023) &quot;Recommendation to implementation of remote patient monitoring in rheumatology: lessons learned and barriers to take&quot; <i>RMD Open. 2023 Dec 6;9(4):e003363. doi: 10.1136/rmdopen-2023-003363.</i>",10.1136/rmdopen-2023-003363,https://doi.org/10.1136/rmdopen-2023-003363,,"Remote patient monitoring (RPM) leverages advanced technology to monitor and manage patients' health remotely and continuously. In 2022 European Alliance of Associations for Rheumatology (EULAR) points-to-consider for remote care were published to foster adoption of RPM, providing guidelines on where to position RPM in our practices. Sample papers and studies describe the value of RPM. But for many rheumatologists, the unanswered question remains the 'how to?' implement RPM.Using the successful, though not frictionless example of the Southmead rheumatology department, we address three types of barriers for the implementation of RPM: service, clinician and patients, with subsequent learning points that could be helpful for new teams planning to implement RPM. These address, but are not limited to, data governance, selecting high quality cost-effective solutions and ensuring compliance with data protection regulations. In addition, we describe five lacunas that could further improve RPM when addressed: establishing quality standards, creating a comprehensive database of available RPM tools, integrating data with electronic patient records, addressing reimbursement uncertainties and improving digital literacy among patients and healthcare professionals.",,public,,_publications/2023 Dec 6-Hamann_P_RMD Open_2023.md,/publication/2023 Dec 6-Hamann_P_RMD Open_2023,
pub_2023-feb-6-liu-l-nat-commun-2023,rachel_knevel,Rachel Knevel,publication,"Author Correction: Genetic regulation of serum IgA levels and susceptibility to common immune, infectious, kidney, and cardio-metabolic traits",2023 Feb 6,2023 Feb 6,2023,Nat Commun,,author,,"Liu L, Khan A, Sanchez-Rodriguez E, Zanoni F, Li Y, Steers N, Balderes O, Zhang J, Krithivasan P, LeDesma RA, Fischman C, Hebbring SJ, Harley JB, Moncrieffe H, Kottyan LC, Namjou-Khales B, Walunas TL, Knevel R, Raychaudhuri S, Karlson EW, Denny JC, Stanaway IB, Crosslin D, Rauen T, Floege J, Eitner F, Moldoveanu Z, Reily C, Knoppova B, Hall S, Sheff JT, Julian BA, Wyatt RJ, Suzuki H, Xie J, Chen N, Zhou X, Zhang H, Hammarstr&ouml;m L, Viktorin A, Magnusson PKE, Shang N, Hripcsak G, Weng C, Rundek T, Elkind MSV, Oelsner EC, Barr RG, Ionita-Laza I, Novak J, Gharavi AG, Kiryluk K. (2023) &quot;Author Correction: Genetic regulation of serum IgA levels and susceptibility to common immune, infectious, kidney, and cardio-metabolic traits&quot; <i>Nat Commun. 2023 Feb 6;14(1):655. doi: 10.1038/s41467-023-36340-3.</i>",10.1038/s41467-023-36340-3,https://doi.org/10.1038/s41467-023-36340-3,,"Liu L(1), Khan A(1), Sanchez-Rodriguez E(1), Zanoni F(1), Li Y(1), Steers N(1), Balderes O(1), Zhang J(1), Krithivasan P(1), LeDesma RA(2), Fischman C(3), Hebbring SJ(4), Harley JB(5)(6)(7), Moncrieffe H(5)(6), Kottyan LC(5)(6), Namjou-Khales B(5)(6), Walunas TL(8), Knevel R(9), Raychaudhuri S(9), Karlson EW(9), Denny JC(10), Stanaway IB(11), Crosslin D(12), Rauen T(13), Floege J(13), Eitner F(13)(14), Moldoveanu Z(15), Reily C(15), Knoppova B(15), Hall S(15), Sheff JT(15), Julian BA(15), Wyatt RJ(16), Suzuki H(17), Xie J(18), Chen N(18), Zhou X(19), Zhang H(19), Hammarstr&ouml;m L(20), Viktorin A(21), Magnusson PKE(21), Shang N(22), Hripcsak G(22), Weng C(22), Rundek T(23)(24), Elkind MSV(25), Oelsner EC(1), Barr RG(26)(27), Ionita-Laza I(28), Novak J(15), Gharavi AG(1), Kiryluk K(29).",,public,,_publications/2023 Feb 6-Liu_L_Nat Commun_2023.md,/publication/2023 Feb 6-Liu_L_Nat Commun_2023,
pub_2023-feb-maurits-mp-arthritis-rheumatol-2023,rachel_knevel;marc_maurits,Rachel Knevel;Marc Maurits,publication,The Role of Genetics in Clinically Suspect Arthralgia and Rheumatoid Arthritis Development: A Large Cross-Sectional Study,2023-02,2023 Feb,2023,Arthritis Rheumatol,,author,,"Maurits MP, Wouters F, Niemantsverdriet E, Huizinga TWJ, van den Akker EB, Le Cessie S, van der Helm-van Mil AHM, Knevel R. (2023) &quot;The Role of Genetics in Clinically Suspect Arthralgia and Rheumatoid Arthritis Development: A Large Cross-Sectional Study&quot; <i>Arthritis Rheumatol. 2023 Feb;75(2):178-186. doi: 10.1002/art.42323. Epub 2022 Dec 13.</i>",10.1002/art.42323,https://doi.org/10.1002/art.42323,,"To investigate whether established genetic predictors for rheumatoid arthritis (RA) differentiate healthy controls, patients with clinically suspect arthralgia (CSA), and RA patients.",,public,,_publications/2023 Feb-Maurits_MP_Arthritis Rheumatol_2023.md,/publication/2023 Feb-Maurits_MP_Arthritis Rheumatol_2023,
pub_2023-mar-knevel-r-ann-rheum-dis-2023,rachel_knevel,Rachel Knevel,publication,From real-world electronic health record data to real-world results using artificial intelligence,2023-03,2023 Mar,2023,Ann Rheum Dis,,author,,"Knevel R, Liao KP. (2023) &quot;From real-world electronic health record data to real-world results using artificial intelligence&quot; <i>Ann Rheum Dis. 2023 Mar;82(3):306-311. doi: 10.1136/ard-2022-222626. Epub 2022 Sep 23.</i>",10.1136/ard-2022-222626,https://doi.org/10.1136/ard-2022-222626,,"With the worldwide digitalisation of medical records, electronic health records (EHRs) have become an increasingly important source of real-world data (RWD). RWD can complement traditional study designs because it captures almost the complete variety of patients, leading to more generalisable results. For rheumatology, these data are particularly interesting as our diseases are uncommon and often take years to develop. In this review, we discuss the following concepts related to the use of EHR for research and considerations for translation into clinical care: EHR data contain a broad collection of healthcare data covering the multitude of real-life patients and the healthcare processes related to their care. Machine learning (ML) is a powerful method that allows us to leverage a large amount of heterogeneous clinical data for clinical algorithms, but requires extensive training, testing, and validation. Patterns discovered in EHR data using ML are applicable to real life settings, however, are also prone to capturing the local EHR structure and limiting generalisability outside the EHR(s) from which they were developed. Population studies on EHR necessitates knowledge on the factors influencing the data available in the EHR to circumvent biases, for example, access to medical care, insurance status. In summary, EHR data represent a rapidly growing and key resource for real-world studies. However, transforming RWD EHR data for research and for real-world evidence using ML requires knowledge of the EHR system and their differences from existing observational data to ensure that studies incorporate rigorous methods that acknowledge or address factors such as access to care, noise in the data, missingness and indication bias.",,public,,_publications/2023 Mar-Knevel_R_Ann Rheum Dis_2023.md,/publication/2023 Mar-Knevel_R_Ann Rheum Dis_2023,
pub_2023-oct-leegwater-e-infect-dis-ther-2023,rachel_knevel,Rachel Knevel,publication,Rapid Response to Remdesivir in Hospitalised COVID-19 Patients: A Propensity Score Weighted Multicentre Cohort Study,2023-10,2023 Oct,2023,Infect Dis Ther,,author,,"Leegwater E, Dol L, Benard MR, Roelofsen EE, Delfos NM, van der Feltz M, Mollema FPN, Bosma LBE, Visser LE, Ottens TH, van Burgel ND, Arbous SM, El Bouazzaoui LH, Knevel R, Groenwold RHH, de Boer MGJ, Visser LG, Rosendaal FR, Wilms EB, van Nieuwkoop C. (2023) &quot;Rapid Response to Remdesivir in Hospitalised COVID-19 Patients: A Propensity Score Weighted Multicentre Cohort Study&quot; <i>Infect Dis Ther. 2023 Oct;12(10):2471-2484. doi: 10.1007/s40121-023-00874-2. Epub 2023 Oct 6.</i>",10.1007/s40121-023-00874-2,https://doi.org/10.1007/s40121-023-00874-2,,"Remdesivir is a registered treatment for hospitalised patients with COVID-19 that has moderate clinical effectiveness. Anecdotally, some patients' respiratory insufficiency seemed to recover particularly rapidly after initiation of remdesivir. In this study, we investigated if this rapid improvement was caused by remdesivir, and which patient characteristics might predict a rapid clinical improvement in response to remdesivir.",,public,,_publications/2023 Oct-Leegwater_E_Infect Dis Ther_2023.md,/publication/2023 Oct-Leegwater_E_Infect Dis Ther_2023,
pub_2024-feb-van-ouwerkerk-l-semin-arthritis-rheum-2024,rachel_knevel;tjardo_maarseveen,Rachel Knevel;Tjardo Maarseveen,publication,Is glucocorticoid bridging therapy associated with later use of glucocorticoids and biological DMARDs during the disease course of patients with rheumatoid arthritis in daily practice? A real-world data analysis,2024-02,2024 Feb,2024,Semin Arthritis Rheum,,author,,"van Ouwerkerk L, Bergstra SA, Maarseveen TD, Huizinga TWJ, Knevel R, Allaart CF. (2024) &quot;Is glucocorticoid bridging therapy associated with later use of glucocorticoids and biological DMARDs during the disease course of patients with rheumatoid arthritis in daily practice? A real-world data analysis&quot; <i>Semin Arthritis Rheum. 2024 Feb;64:152305. doi: 10.1016/j.semarthrit.2023.152305. Epub 2023 Nov 10.</i>",10.1016/j.semarthrit.2023.152305,https://doi.org/10.1016/j.semarthrit.2023.152305,,To evaluate if initially starting glucocorticoid (GC) bridging leads to a higher probability of long-term GC and biological (b)DMARD use in rheumatoid arthritis (RA)-patients.,,public,,_publications/2024 Feb-van_Ouwerkerk_L_Semin Arthritis Rheum_2024.md,/publication/2024 Feb-van_Ouwerkerk_L_Semin Arthritis Rheum_2024,
pub_2024-jan-van-leeuwen-jr-comput-biol-med-2024,rachel_knevel,Rachel Knevel,publication,Using an artificial intelligence tool incorporating natural language processing to identify patients with a diagnosis of ANCA-associated vasculitis in electronic health records,2024-01,2024 Jan,2024,Comput Biol Med,,author,,"van Leeuwen JR, Penne EL, Rabelink T, Knevel R, Teng YKO. (2024) &quot;Using an artificial intelligence tool incorporating natural language processing to identify patients with a diagnosis of ANCA-associated vasculitis in electronic health records&quot; <i>Comput Biol Med. 2024 Jan;168:107757. doi: 10.1016/j.compbiomed.2023.107757. Epub 2023 Nov 25.</i>",10.1016/j.compbiomed.2023.107757,https://doi.org/10.1016/j.compbiomed.2023.107757,,"Because anti-neutrophil cytoplasmatic antibody (ANCA)-associated vasculitis (AAV) is a rare, life-threatening, auto-immune disease, conducting research is difficult but essential. A long-lasting challenge is to identify rare AAV patients within the electronic-health-record (EHR)-system to facilitate real-world research. Artificial intelligence (AI)-search tools using natural language processing (NLP) for text-mining are increasingly postulated as a solution.",,public,,_publications/2024 Jan-van_Leeuwen_JR_Comput Biol Med_2024.md,/publication/2024 Jan-van_Leeuwen_JR_Comput Biol Med_2024,
pub_2024-jun-4-juge-pa-rheumatol-adv-pract-2024,rachel_knevel,Rachel Knevel,publication,RPA3-UMAD1 rs12702634 and rheumatoid arthritis-associated interstitial lung disease in European ancestry,2024 Jun 4,2024 Jun 4,2024,Rheumatol Adv Pract,,author,,"Juge PA, Sparks JA, Gazal S, Ebstein E, Borie R, Debray MP, Kannengiesser C, McDermott GC, Cui J, Hayashi K, Doyle TJ, van Moorsel CHM, van der Vis JJ, Grutters JC, Knevel R, Heckert SL, Vasarmidi E, Antoniou KM, van der Helm van Mil AHM, Boileau C, Crestani B, Dieud&eacute; P. (2024) &quot;RPA3-UMAD1 rs12702634 and rheumatoid arthritis-associated interstitial lung disease in European ancestry&quot; <i>Rheumatol Adv Pract. 2024 Jun 4;8(2):rkae059. doi: 10.1093/rap/rkae059. eCollection 2024.</i>",10.1093/rap/rkae059,https://doi.org/10.1093/rap/rkae059,,"Recently, a genome-wide association study identified an association between RA-associated interstitial lung disease (ILD) and RPA3-UMAD1 rs12702634 in the Japanese population, especially for patients with a usual interstitial pneumonia (UIP) pattern. We aimed to replicate this association in a European population and test for interaction with MUC5B rs35705950.",,public,,_publications/2024 Jun 4-Juge_PA_Rheumatol Adv Pract_2024.md,/publication/2024 Jun 4-Juge_PA_Rheumatol Adv Pract_2024,
pub_2024-may-vassy-jl-arthritis-rheumatol-2024,rachel_knevel,Rachel Knevel,publication,Finding the Right Fit for Genes in Rheumatology Clinical Care,2024-05,2024 May,2024,Arthritis Rheumatol,,author,,"Vassy JL, Knevel R, Liao KP. (2024) &quot;Finding the Right Fit for Genes in Rheumatology Clinical Care&quot; <i>Arthritis Rheumatol. 2024 May;76(5):675-676. doi: 10.1002/art.42769. Epub 2024 Jan 9.</i>",10.1002/art.42769,https://doi.org/10.1002/art.42769,,DOI: 10.1002/art.42769PMID: 38057135 [Indexed for MEDLINE],,public,,_publications/2024 May-Vassy_JL_Arthritis Rheumatol_2024.md,/publication/2024 May-Vassy_JL_Arthritis Rheumatol_2024,
pub_2025-apr-18-wagner-m-rheumatol-int-2025,rachel_knevel,Rachel Knevel,publication,The journey of patients with musculoskeletal complaints in Europe: a cross-sectional European survey,2025 Apr 18,2025 Apr 18,2025,Rheumatol Int,,author,,"Wagner M, Ot&oacute;n T, Muehlensiepen F, Stratingh K, Loza E, Knevel R, Carmona L. (2025) &quot;The journey of patients with musculoskeletal complaints in Europe: a cross-sectional European survey&quot; <i>Rheumatol Int. 2025 Apr 18;45(5):107. doi: 10.1007/s00296-025-05863-x.</i>",10.1007/s00296-025-05863-x,https://doi.org/10.1007/s00296-025-05863-x,,"Rheumatic and musculoskeletal diseases (RMDs) are highly prevalent and place a significant socioeconomic burden on healthcare systems. However, their diagnosis and management remain suboptimal. This study aimed to analyze healthcare-seeking behaviors, key touchpoints, access barriers, and diagnostic pathways for individuals experiencing initial or progressive symptoms of RMDs across European countries. Understanding these differences is crucial for improving early access to specialized care. A cross-sectional online survey was conducted with 141 participants from seven European countries, including 67 rheumatologists and 39 general practitioners (GPs). The survey assessed initial healthcare-seeking behaviors, delays in diagnosis, and perceived barriers to specialized rheumatology care. Descriptive and inferential statistical methods were used for data analysis. The survey indicated that individuals experiencing RMD symptoms primarily seek information through internet research and GP consultations. Despite their role as primary gatekeepers, GPs' knowledge of RMDs was generally perceived as moderate to low. Significant disparities in access to rheumatological diagnostics, time to diagnosis, and treatment, coupled with organizational barriers between primary and specialist care, were reported across most countries. Spanish participants reported the longest diagnostic delays, while Swedish respondents experienced the shortest. Additionally, access to sacroiliac MRI was limited in Hungary and Spain, whereas glucocorticoids were widely available across all countries according to the participants. The study also revealed that early arthritis clinics were most accessible in the UK from the participants' perspectives. Significant variations in healthcare access for patients with RMDs persist across Europe. Strategies to enhance early detection, including GP education and improved specialist accessibility, are essential to optimizing patient outcomes.",,public,,_publications/2025 Apr 18-Wagner_M_Rheumatol Int_2025.md,/publication/2025 Apr 18-Wagner_M_Rheumatol Int_2025,
pub_2025-aug-heckert-sl-semin-arthritis-rheum-2025,rachel_knevel;tjardo_maarseveen,Rachel Knevel;Tjardo Maarseveen,publication,Rheumatoid arthritis-associated interstitial lung disease in countries across the world,2025-08,2025 Aug,2025,Semin Arthritis Rheum,,author,,"Heckert SL, Maarseveen TD, Marges ER, Chopra A, Vega-Morales D, Toit RD, Winchow LL, Govind N, Toro-Guti&eacute;rrez CE, Knevel R, van der Helm-van Mil AH, Huizinga TW, Allaart CF, Bergstra SA. (2025) &quot;Rheumatoid arthritis-associated interstitial lung disease in countries across the world&quot; <i>Semin Arthritis Rheum. 2025 Aug;73:152719. doi: 10.1016/j.semarthrit.2025.152719. Epub 2025 Apr 12.</i>",10.1016/j.semarthrit.2025.152719,https://doi.org/10.1016/j.semarthrit.2025.152719,,"We aimed to describe the incidence of RA-ILD in various countries worldwide, and to explore its association with RA disease activity.",,public,,_publications/2025 Aug-Heckert_SL_Semin Arthritis Rheum_2025.md,/publication/2025 Aug-Heckert_SL_Semin Arthritis Rheum_2025,
pub_2025-aug-steinz-n-ann-rheum-dis-2025,rachel_knevel;tjardo_maarseveen;nils_steinz,Rachel Knevel;Tjardo Maarseveen;Nils Steinz,publication,Time-independent disease state identification defines distinct trajectories determined by localised vs systemic inflammation in patients with early rheumatoid arthritis,2025-08,2025 Aug,2025,Ann Rheum Dis,,author,,"Steinz N, Maarseveen TD, van den Akker EB, Cope AP, Isaacs JD, Winkler AR, Huizinga TWJ, Abraham Y, Knevel R. (2025) &quot;Time-independent disease state identification defines distinct trajectories determined by localised vs systemic inflammation in patients with early rheumatoid arthritis&quot; <i>Ann Rheum Dis. 2025 Aug;84(8):1301-1312. doi: 10.1016/j.ard.2025.04.011. Epub 2025 May 9.</i>",10.1016/j.ard.2025.04.011,https://doi.org/10.1016/j.ard.2025.04.011,,Patients with rheumatoid arthritis (RA) display different trajectories towards improvement of disease. We aimed to disentangle the heterogeneity of RA disease trajectories from the first clinical visit onwards using graph-based pseudotime analysis.,,public,,_publications/2025 Aug-Steinz_N_Ann Rheum Dis_2025.md,/publication/2025 Aug-Steinz_N_Ann Rheum Dis_2025,
pub_2025-feb-14-maarseveen-td-npj-digit-med-2025,rachel_knevel;tjardo_maarseveen,Rachel Knevel;Tjardo Maarseveen,publication,Improving musculoskeletal care with AI enhanced triage through data driven screening of referral letters,2025 Feb 14,2025 Feb 14,2025,NPJ Digit Med,,author,,"Maarseveen TD, Glas HK, Veris-van Dieren J, van den Akker E, Knevel R. (2025) &quot;Improving musculoskeletal care with AI enhanced triage through data driven screening of referral letters&quot; <i>NPJ Digit Med. 2025 Feb 14;8(1):98. doi: 10.1038/s41746-025-01495-4.</i>",10.1038/s41746-025-01495-4,https://doi.org/10.1038/s41746-025-01495-4,,"Musculoskeletal complaints account for 30% of GP consultations, with many referred to rheumatology clinics via letters. This study developed a Machine Learning (ML) pipeline to prioritize referrals by identifying rheumatoid arthritis (RA), osteoarthritis, fibromyalgia, and patients requiring long-term care. Using 8044 referral letters from 5728 patients across 12 clinics, we trained and validated ML models in two large centers and tested their generalizability in the remaining ten. The models were robust, with RA achieving an AUC-ROC of 0.78 (CI: 0.74-0.83), osteoarthritis 0.71 (CI: 0.67-0.74), fibromyalgia 0.81 (CI: 0.77-0.85), and chronic follow-up 0.63 (CI: 0.61-0.66). The RA-classifier outperformed manual referral systems, as it prioritised RA over non-RA cases (P&thinsp;<&thinsp;0.001), while the manual referral system could not differentiate between the two. The other classifiers showed similar prioritisation improvements, highlighting the potential to enhance care efficiency, reduce clinician workload, and facilitate earlier specialized care. Future work will focus on building clinical decision-support tools.",,public,,_publications/2025 Feb 14-Maarseveen_TD_NPJ Digit Med_2025.md,/publication/2025 Feb 14-Maarseveen_TD_NPJ Digit Med_2025,
pub_2025-jul-van-den-beukel-md-j-autoimmun-2025,rachel_knevel,Rachel Knevel,publication,Post-translationally modified proteins bind and activate complement with implications for cellular uptake and autoantibody formation,2025-07,2025 Jul,2025,J Autoimmun,,author,,"van den Beukel MD, Zhang L, van der Meulen S, Borggreven NV, Nugteren S, Brouwer MC, Pouw RB, Gelderman KA, de Ru AH, Janssen GMC, van Veelen PA, Knevel R, Parren PWHI, Trouw LA. (2025) &quot;Post-translationally modified proteins bind and activate complement with implications for cellular uptake and autoantibody formation&quot; <i>J Autoimmun. 2025 Jul;155:103444. doi: 10.1016/j.jaut.2025.103444. Epub 2025 Jun 23.</i>",10.1016/j.jaut.2025.103444,https://doi.org/10.1016/j.jaut.2025.103444,,"Autoimmune diseases, such as rheumatoid arthritis (RA), are characterized by the presence of autoantibodies including those targeting self-proteins modified by post-translational modifications (PTMs). The complement system is known for its role in innate immune defense, but also in clearing debris and induction of antibody responses. We therefore hypothesized that complement could directly bind to PTMs and target PTM-modified proteins for clearance, or stimulate (chronic) inflammation and development of anti-PTM autoimmunity.",,public,,_publications/2025 Jul-van_den_Beukel_MD_J Autoimmun_2025.md,/publication/2025 Jul-van_den_Beukel_MD_J Autoimmun_2025,
pub_2025-jun-13-van-mourik-ag-rmd-open-2025,rachel_knevel;marc_maurits,Rachel Knevel;Marc Maurits,publication,Autoantibody clusters in rheumatoid arthritis are not driven by antigen specificity or isotype,2025 Jun 13,2025 Jun 13,2025,RMD Open,,author,,"van Mourik AG, Johansson L, van Wesemael TJ, Maurits MP, Kokkonen H, R&ouml;nnelid J, Knevel R, Toes REM, Rantap&auml;&auml;-Dahlqvist S, van der Woude D. (2025) &quot;Autoantibody clusters in rheumatoid arthritis are not driven by antigen specificity or isotype&quot; <i>RMD Open. 2025 Jun 13;11(2):e005291. doi: 10.1136/rmdopen-2024-005291.</i>",10.1136/rmdopen-2024-005291,https://doi.org/10.1136/rmdopen-2024-005291,,"Autoantibodies are a key feature of rheumatoid arthritis (RA). They can be detected years before disease onset, but it is unknown if there is any pattern in the co-occurrence of antigen recognition or isotype profiles. A common signature could point to a unique initial trigger for autoantibody development. Therefore, we sought to determine if there is a pattern in antigen or isotype reactivity in pre-symptomatic cases and established RA.",,public,,_publications/2025 Jun 13-van_Mourik_AG_RMD Open_2025.md,/publication/2025 Jun 13-van_Mourik_AG_RMD Open_2025,
pub_2025-may-23-jakobi-s-bmc-rheumatol-2025,rachel_knevel,Rachel Knevel,publication,Rheumatic? A diagnostic decision support tool for individuals suspecting rheumatic diseases: Mixed-methods usability and acceptability study,2025 May 23,2025 May 23,2025,BMC Rheumatol,,author,,"Jakobi S, Boy K, Wagner M, May S, Temiz A, Liphardt AM, Araujo E, Carmona L, Knevel R, Schett G, Knitza J, Muehlensiepen F, Morf H. (2025) &quot;Rheumatic? A diagnostic decision support tool for individuals suspecting rheumatic diseases: Mixed-methods usability and acceptability study&quot; <i>BMC Rheumatol. 2025 May 23;9(1):59. doi: 10.1186/s41927-025-00507-w.</i>",10.1186/s41927-025-00507-w,https://doi.org/10.1186/s41927-025-00507-w,,"The early diagnosis of inflammatory rheumatic diseases (IRDs) is of paramount importance in order to prevent irreversible damage to joints and to optimize treatment outcomes. Nevertheless, conventional care pathways frequently entail diagnostic delays spanning several months. Symptom checkers (SCs) have the potential to provide a solution by offering validated symptom assessments, improving triage systems and expediting diagnostic evaluations. The objective of this mixed-methods study is to assess the usability and acceptability of the SC Rheumatic? among individuals with suspected rheumatic diseases.",,public,,_publications/2025 May 23-Jakobi_S_BMC Rheumatol_2025.md,/publication/2025 May 23-Jakobi_S_BMC Rheumatol_2025,
pub_2025-oct-23-maarseveen-td-npj-digit-med-2025,rachel_knevel;tjardo_maarseveen;nils_steinz;marc_maurits,Rachel Knevel;Tjardo Maarseveen;Nils Steinz;Marc Maurits,publication,Location and amount of joint involvement differentiates rheumatoid arthritis into different clinical subsets,2025 Oct 23,2025 Oct 23,2025,NPJ Digit Med,,author,,"Maarseveen TD, Maurits MP, Coletto LA, Perniola S, B&ouml;hringer S, Steinz N, Bergstra SA, Bruno D, Gigante MR, Pacucci VA, Petricca L, Boxma-de Klerk B, Glas HK, Di Mario C, Campobasso D, Tolusso B, Veris-van Dieren J, van der Helm-van Mil AHM, Gremese E, D'Agostino MA, Reinders MJT, Gessi M, Huizinga TWJ, Alivernini S, van den Akker EB, Knevel R. (2025) &quot;Location and amount of joint involvement differentiates rheumatoid arthritis into different clinical subsets&quot; <i>NPJ Digit Med. 2025 Oct 23;8(1):623. doi: 10.1038/s41746-025-01997-1.</i>",10.1038/s41746-025-01997-1,https://doi.org/10.1038/s41746-025-01997-1,,"Rheumatoid arthritis (RA) is a heterogeneous disease with variable symptoms, prognosis, and treatment response, necessitating refined patient classification. We applied multimodal deep learning and clustering to identify distinct RA phenotypes using baseline clinical data from 1,387 patients in the Leiden Rheumatology clinic. Four Joint Involvement Patterns (JIP) emerged: foot-predominant arthritis, seropositive oligoarticular disease, seronegative hand arthritis, and polyarthritis. Findings were validated in clinical trial data (n&thinsp;=&thinsp;307) and an independent secondary care cohort (n&thinsp;=&thinsp;515). Clusters showed high stability and significant differences in remission rates (P&thinsp;=&thinsp;0.007) and methotrexate failure (P&thinsp;<&thinsp;0.001). JIP-hand patients had superior outcomes (particularly in ACPA-positive patients) versus JIP-foot (HR:0.37, P&thinsp;<&thinsp;0.001) and JIP-poly (HR:0.33, P&thinsp;=&thinsp;0.005), independent of baseline disease activity and clinical markers. Synovial histology analysis (n&thinsp;=&thinsp;194) revealed distinct inflammatory patterns across clusters, hinting at different underlying biological mechanisms. These validated RA phenotypes based on joint involvement patterns may enable targeted research into disease mechanisms and personalized treatment strategies.",,public,,_publications/2025 Oct 23-Maarseveen_TD_NPJ Digit Med_2025.md,/publication/2025 Oct 23-Maarseveen_TD_NPJ Digit Med_2025,
pub_2025-sep-10-perez-sancristobal-i-rheumatol-adv-pract-2025,rachel_knevel;tjardo_maarseveen;nils_steinz;floor_dijkstra_zegers;in_s_p_rez_sancrist_bal;ling_qing,Rachel Knevel;Tjardo Maarseveen;Nils Steinz;Floor Dijkstra Zegers;Inés Pérez-Sancristóbal;Ling Qing,publication,Let's ask the patient: disease prediction based on patients' symptom descriptions in free text,2025 Sep 10,2025 Sep 10,2025,Rheumatol Adv Pract,,author,,"P&eacute;rez-Sancrist&oacute;bal I, Steinz N, Qin L, Maarseveen T, Zegers F, Bislawska Axn&auml;s B, Rodr&iacute;guez-Rodr&iacute;guez L, Knevel R. (2025) &quot;Let's ask the patient: disease prediction based on patients' symptom descriptions in free text&quot; <i>Rheumatol Adv Pract. 2025 Sep 10;9(4):rkaf103. doi: 10.1093/rap/rkaf103. eCollection 2025.</i>",10.1093/rap/rkaf103,https://doi.org/10.1093/rap/rkaf103,,"This study evaluates the value self-reported free-text symptom descriptions for supporting diagnostic decisions in osteoarthritis (OA), fibromyalgia (FM) and immune-mediated rheumatic diseases (imRD) using natural language processing (NLP) and machine learning (ML).",,public,,_publications/2025 Sep 10-Perez-Sancristobal_I_Rheumatol Adv Pract_2025.md,/publication/2025 Sep 10-Pérez-Sancristobal_I_Rheumatol Adv Pract_2025,
pub_2025-sep-sharma-sd-ann-rheum-dis-2025,rachel_knevel,Rachel Knevel,publication,Systematic review and independent validation of genetic factors of radiographic outcome in rheumatoid arthritis identifies a genome-wide association with CARD9,2025-09,2025 Sep,2025,Ann Rheum Dis,,author,,"Sharma SD, Hum RM, Nair N, Marshall L, Storrie A, Bowes J, MacGregor A, Yates M, Morris AP, Verstappen S, Barton A, van Steenbergen H, Knevel R, van der Helm-van Mil A, Viatte S. (2025) &quot;Systematic review and independent validation of genetic factors of radiographic outcome in rheumatoid arthritis identifies a genome-wide association with CARD9&quot; <i>Ann Rheum Dis. 2025 Sep;84(9):1469-1483. doi: 10.1016/j.ard.2025.04.007. Epub 2025 May 8.</i>",10.1016/j.ard.2025.04.007,https://doi.org/10.1016/j.ard.2025.04.007,,This study aimed to investigate non-HLA genetic mechanisms underlying radiographic severity in rheumatoid arthritis (RA).,,public,,_publications/2025 Sep-Sharma_SD_Ann Rheum Dis_2025.md,/publication/2025 Sep-Sharma_SD_Ann Rheum Dis_2025,
talk_2018-09-20-2018-rk-dgrh,rachel_knevel,Rachel Knevel,talk,DGRh Genetics,2018-09-20,2018-09-20,2018,DGRh 2018,"Mannheim, Germany",Oral Presentation by Rachel Knevel,,,,,,A presentation by Rachel Knevel about pharmacogenetics in rheumatic diseases,,public,,_talks/2018-09-20-2018_RK_DGRh.md,/talks/2018-09-20-2018_RK_DGRh,
talk_2019-04-02-2019-mpm-biosb,marc_maurits,Marc Maurits,talk,BioSB 2019 ICD Clustering,2019-04-02,2019-04-02,2019,BioSB 2019,"Lunteren, The Netherlands",Oral Presentation by Marc Maurits,,,,,,Oral presentation of the work performed by MP Maurits on clustering of patients using ICD codes,,public,,_talks/2019-04-02-2019_MPM_BioSB.md,/talks/2019-04-02-2019_MPM_BioSB,
talk_2019-06-12-2019-mpm-eular,marc_maurits,Marc Maurits,talk,EULAR 2019 ICD Clustering,2019-06-12,2019-06-12,2019,EULAR 2019,"Madrid, Spain",Abstract by Marc Maurits,,,,https://scientific.sparx-ip.net/archiveeular/?c=a&item=2019AB1282,,Accepted abstract of the work performed by MP Maurits on the clustering of patients using ICD codes,,public,,_talks/2019-06-12-2019_MPM_EULAR.md,/talks/2019-06-12-2019_MPM_EULAR,
talk_2019-06-12-2019-tdm-eular-1,tjardo_maarseveen,Tjardo Maarseveen,talk,EULAR 2019 Text Mining Dx,2019-06-12,2019-06-12,2019,EULAR 2019,"Madrid, Spain",Poster Tour by Tjardo Maarseveen,,,,http://scientific.sparx-ip.net/archiveeular/?c=a&item=2019SAT0590,,Poster tour presentation of the work performed by TD Maarseveen on the extraction of RA diagnoses from EHR free written text,,public,,_talks/2019-06-12-2019_TDM_EULAR_1.md,/talks/2019-06-12-2019_TDM_EULAR_1,
talk_2019-06-12-2019-tdm-eular-2,tjardo_maarseveen,Tjardo Maarseveen,talk,EULAR 2019 Text Mining Rx,2019-06-12,2019-06-12,2019,EULAR 2019,"Madrid, Spain",Poster Tour by Tjardo Maarseveen,,,,http://scientific.sparx-ip.net/archiveeular/?c=a&item=2019SAT0589,,Poster tour presentation of the work performed by TD Maarseveen on the extraction of medication from EHR free written text,,public,,_talks/2019-06-12-2019_TDM_EULAR_2.md,/talks/2019-06-12-2019_TDM_EULAR_2,
talk_2019-09-26-2019-rk-ifra,rachel_knevel,Rachel Knevel,talk,AMP-IMI-IFRA EHR Genetics,2019-09-26,2019-09-26,2019,AMP-IMI-IFRA 2019,"Wachington, USA",Oral Presentation by Rachel Knevel,,,,,,Oral presentation by Rachel Knevel about integrating electronic health record data and genetics to improve understanding of rheumatic diseases,,public,,_talks/2019-09-26-2019_RK_IFRA.md,/talks/2019-09-26-2019_RK_IFRA,
talk_2020-06-03-2020-mpm-eular,marc_maurits,Marc Maurits,talk,EULAR 2020 ICD Clustering,2020-06-03,2020-06-03,2020,EULAR 2020,Online,Poster by Marc Maurits,,,,http://scientific.sparx-ip.net/archiveeular/?c=a&item=2020FRI0585,,Poster presentation of the work performed by MP Maurits on clustering of patients using ICD codes,,public,,_talks/2020-06-03-2020_MPM_EULAR.md,/talks/2020-06-03-2020_MPM_EULAR,
talk_2020-06-03-2020-tdm-eular,tjardo_maarseveen,Tjardo Maarseveen,talk,EULAR 2020 HvsM,2020-06-03,2020-06-03,2020,EULAR 2020,Online,Abstract by Tjardo Maarseveen,,,,http://scientific.sparx-ip.net/archiveeular/?c=a&item=2020AB1114,,Accepted abstract of the work performed by TD Maarseveen and MP Maurits on the differences between RA populations extracted by ML and chart review,,public,,_talks/2020-06-03-2020_TDM_EULAR.md,/talks/2020-06-03-2020_TDM_EULAR,
talk_2021-06-02-2021-mpm-eular-1,marc_maurits,Marc Maurits,talk,EULAR 2021 SSc Risk Model,2021-06-02,2021-06-02,2021,EULAR 2021,Online,Poster by Marc Maurits,,,,http://scientific.sparx-ip.net/archiveeular/?c=a&item=2021POS0843,,Poster presentation of the work performed by MP Maurits on the SSc model predicting disease progression risk,,public,,_talks/2021-06-02-2021_MPM_EULAR_1.md,/talks/2021-06-02-2021_MPM_EULAR_1,
talk_2021-06-02-2021-mpm-eular-2,marc_maurits,Marc Maurits,talk,EULAR 2021 CSA Genetics,2021-06-02,2021-06-02,2021,EULAR 2021,Online,Poster by Marc Maurits,,,,http://scientific.sparx-ip.net/archiveeular/?c=a&item=2021POS0356,,Poster presentation of the work performed by MP Maurits on the role of RA genetics in CSA,,public,,_talks/2021-06-02-2021_MPM_EULAR_2.md,/talks/2021-06-02-2021_MPM_EULAR_2,
talk_2021-06-02-2021-rk-eular,rachel_knevel,Rachel Knevel,talk,EULAR 2021 Rheumatic,2021-06-02,2021-06-02,2021,EULAR 2021,Online,Oral Presentation by Rachel Knevel,,,,http://scientific.sparx-ip.net/archiveeular/?c=a&item=2021OP0147,,Oral presentation of the work performed by R Knevel on the Rheumatic questionnaire,,public,,_talks/2021-06-02-2021_RK_EULAR.md,/talks/2021-06-02-2021_RK_EULAR,
talk_2021-06-02-2021-sjz-eular,lab,Knevel Lab,talk,EULAR 2021 Remission Genetics,2021-06-02,2021-06-02,2021,EULAR 2021,Online,Poster by Samantha Jurado Zapata,,,,http://scientific.sparx-ip.net/archiveeular/?c=a&item=2021POS0348,,Poster presentation of the work performed by S Jurado-Zapata on the role of RA genetics in reaching remission,,public,,_talks/2021-06-02-2021_SJZ_EULAR.md,/talks/2021-06-02-2021_SJZ_EULAR,
talk_2021-06-03-2021-rk-eular,rachel_knevel,Rachel Knevel,talk,EULAR Genetics and Inflammatory Synovitis,2021-06-03,2021-06-03,2021,EULAR 2021,Online,Oral Presentation by Rachel Knevel,,,,,,,,public,,_talks/2021-06-03-2021_RK_EULAR.md,/talks/2021-06-03-2021_RK_EULAR,
talk_2021-09-21-2021-rk-ics,rachel_knevel,Rachel Knevel,talk,ICS EHR and Bioinformatics,2021-09-21,2021-09-21,2021,12th International Congress on Spondyloarthritis,"Ghent, Belgium",Oral Presentation by Rachel Knevel,,,,,,Presentation by Rachel Knevel on how to link clinical observations with new knowledge generation,,public,,_talks/2021-09-21-2021_RK_ICS.md,/talks/2021-09-21-2021_RK_ICS,
talk_2021-10-28-2021-mpm-acr-1,marc_maurits,Marc Maurits,talk,ACR 2021 CSA Genetics,2021-10-28,2021-10-28,2021,ACR 2021,Online,Poster by Marc Maurits,,,,https://acrabstracts.org/abstract/the-relationship-of-genetics-and-clinically-suspect-arthralgia-in-ra-development-assessed-using-hc-csa-and-ra-patients/,,Poster presentation of the work performed by MP Maurits on the role of RA genetics in CSA,,public,,_talks/2021-10-28-2021_MPM_ACR_1.md,/talks/2021-10-28-2021_MPM_ACR_1,
talk_2021-10-28-2021-mpm-acr-2,marc_maurits,Marc Maurits,talk,ACR 2021 Remission Genetics,2021-10-28,2021-10-28,2021,ACR 2021,Online,Poster by Marc Maurits,,,,https://acrabstracts.org/abstract/genetics-of-rheumatoid-arthritis-remission-hla-se-associated-with-remission-in-anti-ccp-positive-patients/,,Poster presentation of the work performed by MP Maurits on the role of RA genetics in reaching remission,,public,,_talks/2021-10-28-2021_MPM_ACR_2.md,/talks/2021-10-28-2021_MPM_ACR_2,
talk_2022-02-06-2022-mpm-ivapp,marc_maurits,Marc Maurits,talk,IVAPP 2022 Wordclouds,2022-02-06,2022-02-06,2022,IVAPP 2022,Online,Oral Presentation by Marc Maurits,,,,https://www.scitepress.org/Link.aspx?doi=10.5220/0010778700003124,,Oral presentation on the work performedby MP Maurits on word cloud scaling,,public,,_talks/2022-02-06-2022_MPM_IVAPP.md,/talks/2022-02-06-2022_MPM_IVAPP,
talk_2022-03-26-2022-rk-att,rachel_knevel,Rachel Knevel,talk,ATT Telemedicine,2022-03-26,2022-03-26,2022,Advanced Targeted Therapies,"Marseille, France",Debate featuring Rachel Knevel,,,,,,A debate on the future of telemedicine,,public,,_talks/2022-03-26-2022_RK_ATT.md,/talks/2022-03-26-2022_RK_ATT,
talk_2022-05-17-2022-rk-fms,rachel_knevel,Rachel Knevel,talk,FMS AI and clinical practice,2022-05-17,2022-05-17,2022,(Dutch) Federation of Medical Specialists,"Utrecht, the Netherlands",Oral Presentation by Rachel Knevel,,,,,,Rachel Knevel talks about the challenges faced by medical specialists in using AI-based techniques and interpreting AI-driven research,,public,,_talks/2022-05-17-2022_RK_FMS.md,/talks/2022-05-17-2022_RK_FMS,
talk_2022-06-01-2022-dvdb-eular,daan_van_der_bijl,Daan van der Bijl,talk,EULAR 2022 EHR Trajectories,2022-06-01,2022-06-01,2022,EULAR 2022,"Copenhagen, Denmark",Poster by Daan van der Bijl,,,,http://scientific.sparx-ip.net/archiveeular/?c=a&item=2022POS0534,,Poster presentation of the work performed by D van der Bijl on RA patient trajectories as extracted from EHRs,,public,,_talks/2022-06-01-2022_DvdB_EULAR.md,/talks/2022-06-01-2022_DvdB_EULAR,
talk_2022-06-01-2022-tdm-eular,tjardo_maarseveen,Tjardo Maarseveen,talk,EULAR 2022 EHR Clustering,2022-06-01,2022-06-01,2022,EULAR 2022,"Copenhagen, Denmark",Poster by Tjardo Maarseveen,,,,http://scientific.sparx-ip.net/archiveeular/?c=a&item=2022POS0570,,Poster presentation of the work performed by TD Maarseveen on the clustering of RA patients using baseline EHR data,,public,,_talks/2022-06-01-2022_TDM_EULAR.md,/talks/2022-06-01-2022_TDM_EULAR,
talk_2022-06-14-2022-rk-peular,rachel_knevel,Rachel Knevel,talk,post-EULAR AI and Big Data,2022-06-14,2022-06-14,2022,post-EULAR Symposium 2022,"Amersfoort, the Netherlands",Oral Presentation by Rachel Knevel,,,,,,Presentation by Rachel Knevel on AI and Big Data in RMDs,,public,,_talks/2022-06-14-2022_RK_pEULAR.md,/talks/2022-06-14-2022_RK_pEULAR,
talk_2022-06-28-2022-tdm-biosb,tjardo_maarseveen,Tjardo Maarseveen,talk,BioSB 2022 EHR Clustering,2022-06-28,2022-06-28,2022,BioSB 2022,"Lunteren, The Netherlands",Oral Presentation by Tjardo Maarseveen,,,,,,Oral presentation of the work performed by TD Maarseveen on the clustering of RA patients using baseline EHR data,,public,,_talks/2022-06-28-2022_TDM_BioSB.md,/talks/2022-06-28-2022_TDM_BioSB,
talk_2022-07-01-2022-rk-tt,rachel_knevel,Rachel Knevel,talk,TT Genetics,2022-07-01,2022-07-01,2022,Therapeutic Tolerance 2022,"Newcastle, England",Oral Presentation by Rachel Knevel,,,,,,Rachel Knevel discusses the value of genetics in helping us to understand drug-free remission,,public,,_talks/2022-07-01-2022_RK_TT.md,/talks/2022-07-01-2022_RK_TT,
talk_2022-09-23-2022-rk-pres,rachel_knevel,Rachel Knevel,talk,PrES Machine Learning,2022-09-23,2022-09-23,2022,28th European Pediatric Rheumatology Congress,"Prague, Czech Republic",Oral Presentation by Rachel Knevel,,,,,,Presentation by Rachel Knevel on big data analysis and machine learning,,public,,_talks/2022-09-23-2022_RK_PReS.md,/talks/2022-09-23-2022_RK_PReS,
talk_2022-11-29-2022-rk-acrreview,rachel_knevel,Rachel Knevel,talk,Post-ACR AI and RWD,2022-11-29,2022-11-29,2022,ACR Review 2022,"Amersfoort, the Netherlands",Workshop by Rachel Knevel,,,,,,Workshop by Rachel Knevel on Real-World Data (RWD) and artificial intelligence,,public,,_talks/2022-11-29-2022_RK_ACRReview.md,/talks/2022-11-29-2022_RK_ACRReview,
talk_2023-05-06-2023-rk-drd,rachel_knevel,Rachel Knevel,talk,DRD Rheumatic?,2023-05-06,2023-05-06,2023,Digital Rheumatology Day 2023,"Berlin, Germany",Oral Presentation by Rachel Knevel,,,,,,"Rachel Knevel presents a population based validation study on Rheumatic?, a digital diagnostic decision support tool for individuals suspecting rheumatic diseases",,public,,_talks/2023-05-06-2023_RK_DRD.md,/talks/2023-05-06-2023_RK_DRD,
talk_2023-09-28-2023-rk-nvr,rachel_knevel,Rachel Knevel,talk,"NVR AI, Holy Grail or Epic Fail?",2023-09-28,2023-09-28,2023,NVR 2023,"Arnhem, the Netherlands",Discussion featuring Rachel Knevel,,,,,,"A discussion, hosted by Rachel Knevel, about the opportunities and dangers posed by AI in healthcare",,public,,_talks/2023-09-28-2023_RK_NVR.md,/talks/2023-09-28-2023_RK_NVR,
talk_2024-06-12-2024-ns-eular,nils_steinz,Nils Steinz,talk,EULAR 2024 Patient trajectories,2024-06-12,2024-06-12,2024,EULAR 2024,"Vienna, Austria",Oral Presentation by Nils Steinz,,,,https://scientific.sparx-ip.net/archiveeular/?c=a&item=2024OP0018,,Dissecting early RA patient trajectories through time-independent disease state identification identifies distinct patterns dissected by inflammation in blood or joints,,public,,_talks/2024-06-12-2024_NS_EULAR.md,/talks/2024-06-12-2024_NS_EULAR,
talk_2024-06-12-2024-rk-eumenet,rachel_knevel,Rachel Knevel,talk,EULAR 2024 EUMENET,2024-06-12,2024-06-12,2024,EULAR 2024,"Vienna, Austria",Oral Presentation by Rachel Knevel,,,,https://apps-congress.eular.org/eular2024/en-GB/pag/presentation/16310,,How to establish a successful European research consortium?,,public,,_talks/2024-06-12-2024_RK_EUMENET.md,/talks/2024-06-12-2024_RK_EUMENET,
talk_2024-06-13-2024-fz-rheumatic,floor_dijkstra_zegers,Floor Dijkstra Zegers,talk,EULAR 2024 Rheumatic attrition,2024-06-13,2024-06-13,2024,EULAR 2024,"Vienna, Austria",Poster by Floor Zegers,,,,https://scientific.sparx-ip.net/archiveeular/?c=a&item=2024POS0750,,"Who participates in an online symptom checker? Characteristics, attrition and representativeness in the Rheumatic? study",,public,,_talks/2024-06-13-2024_FZ_RHEUMATIC.md,/talks/2024-06-13-2024_FZ_RHEUMATIC,
talk_2024-06-13-2024-tdm-eular-ml-diag,tjardo_maarseveen,Tjardo Maarseveen,talk,EULAR 2024 ML Diagnoses,2024-06-13,2024-06-13,2024,EULAR 2024,"Vienna, Austria",Poster by Tjardo Maarseveen,,,,https://scientific.sparx-ip.net/archiveeular/?c=a&item=2024POS0587,,Employing machine learning to predict RA diagnosis from referral letters by the general practitioner,,public,,_talks/2024-06-13-2024_TDM_EULAR_ML_DIAG.md,/talks/2024-06-13-2024_TDM_EULAR_ML_DIAG,
talk_2024-06-13-2024-tdm-eular-ra-subsets,tjardo_maarseveen,Tjardo Maarseveen,talk,EULAR 2024 RA subsets,2024-06-13,2024-06-13,2024,EULAR 2024,"Vienna, Austria",Poster by Tjardo Maarseveen,,,,https://scientific.sparx-ip.net/archiveeular/?c=a&item=2024POS0589,,EHR defined baseline RA-subsets characterised by localised joint involvement differentially associate with genetic risk and clinical outcomes beyond baseline,,public,,_talks/2024-06-13-2024_TDM_EULAR_RA_SUBSETS.md,/talks/2024-06-13-2024_TDM_EULAR_RA_SUBSETS,
talk_2025-03-22-2025-tdm-drd,tjardo_maarseveen,Tjardo Maarseveen,talk,DRD 2025 AI-Enhanced Triage,2025-03-22,2025-03-22,2025,Digital Rheumatology Days 2025,"Berlin, Germany",Oral Presentation by Tjardo Maarseveen,,,,,,AI-Enhanced Triage: Improving Musculoskeletal Care with Data Driven Screening of Referral Letters,,public,,_talks/2025-03-22-2025_TDM_DRD.md,/talks/2025-03-22-2025_TDM_DRD,
talk_2025-06-12-2025-eular-gg-poster,georgy_gomon,Georgy Gomon,talk,EULAR 2025 Characterizing the Primary Care Musculoskeletal Trajectory and Predicting Referral to the Rheumatologist,2025-06-12,2025-06-12,2025,EULAR 2025,"Barcelona, Spain",Poster Presentation by Georgy Gomon,,,,https://ard.eular.org/article/S0003-4967(25,,"01817-5/abstract) This project analyzed over 430,000 musculoskeletal patient trajectories in Dutch primary care to model and predict rheumatology referrals, showing that referral likelihood can be accurately identified from the very first musculoskeletal consultation using routinely collected clinical data.",,public,,_talks/2025-06-12-2025_EULAR_GG_poster.md,/talks/2025-06-12-2025_EULAR_GG_poster,
talk_2025-06-12-2025-idh-eular,inez_den_hond,Inez den Hond,talk,EULAR 2025 Gene expression mediated RA Risk,2025-06-12,2025-06-12,2025,EULAR 2025,"Barcelona, Spain",Oral Presentation by Inez den Hond,,,,https://ard.eular.org/article/S0003-4967(25,,"01209-9/abstract) GWAS-identified RA susceptibility genes are non-uniformly expressed across RA subsets (pathotypes), with the majority of the RA susceptibility genes being upregulated in the lymphoid-rich pathotype. On the other hand, osteoarthritis susceptibility genes are primarily upregulated in fibroid- and myeloid-rich synovial tissue.",,public,,_talks/2025-06-12-2025_IdH_EULAR.md,/talks/2025-06-12-2025_IdH_EULAR,
talk_2025-06-13-2025-tdm-eular,tjardo_maarseveen,Tjardo Maarseveen,talk,EULAR 2025 Joint Patterns,2025-06-13,2025-06-13,2025,EULAR 2025,"Barcelona, Spain",Oral Presentation by Tjardo Maarseveen,,,,http://scientific.sparx-ip.net/archiveeular/index.cfm?c=a&item=2025OP0328,,Distinct Joint Patterns in Treatment-Naive RA also correspond to Histological Variations,,public,,_talks/2025-06-13-2025_TDM_EULAR.md,/talks/2025-06-13-2025_TDM_EULAR,
talk_2025-06-18-2025-ns-eular,nils_steinz,Nils Steinz,talk,EULAR 2025 Add-on vs replacement csDMARD,2025-06-18,2025-06-18,2025,EULAR 2025,"Barcelona, Spain",Oral Presentation by Nils Steinz,,,,https://www.sciencedirect.com/science/article/abs/pii/S0003496725012385,,"Evaluating the effectiveness and patterns of csDMARD strategies in early RA patients who failed first-line methotrexate (MTX), across European healthcare systems.",,public,,_talks/2025-06-18-2025_NS_EULAR.md,/talks/2025-06-18-2025_NS_EULAR,
talk_2025-08-27-2025-gg-iscb,georgy_gomon,Georgy Gomon,talk,ISCB 2025 Multistate Models with Restricted Transition Windows: The Impact of Time Scale Choice,2025-08-27,2025-08-27,2025,ISCB 2025,"Basel, Switzerland",Oral Presentation by Georgy Gomon,,,,https://iscb2025.info/data/ISCB46_Conference_Book.pdf,,Investigates how time-restricted transitions (transitions between states that can only occur within certain time windows) can best be modelled within the framework of a multistate model.,,public,,_talks/2025-08-27-2025_GG_ISCB.md,/talks/2025-08-27-2025_GG_ISCB,
talk_2025-10-01-2025-rk-acr,rachel_knevel,Rachel Knevel,talk,ACR Journal Club 2025 Disease State defining Patient Trajectories ,2025-10-01,2025-10-01,2025,ARC Journal Club with the Editors 2025,America,Oral Presentation by Rachel Knevel,,,,,,Time-Independent Disease State Identification Defines Distinct Trajectories Determined by Localized vs Systemic Inflammation in Patients with Early Rheumatoid Arthritis,,public,,_talks/2025-10-01-2025_RK_ACR.md,/talks/2025-10-01-2025_RK_ACR,
talk_2025-12-10-2025-rk-arc,rachel_knevel,Rachel Knevel,talk,ARC 2025 Rheumatology 2.0,2025-12-10,2025-12-10,2025,ARC Morning Programme December 2025,"Amsterdam, The Netherlands",Oral Presentation by Rachel Knevel,,,,https://ams-rc.com/en/evenement/arc-ochtend-10-december-2025/,,Distilling knowledge from EHR with AI,,public,,_talks/2025-12-10-2025_RK_ARC.md,/talks/2025-12-10-2025_RK_ARC,
award_1_survival-analysis-for-junior-researchers-best-presentation-award-2026,georgy_gomon,Georgy Gomon,award,Survival Analysis for Junior Researchers Best Presentation Award 2026,2026,2026,2026,,,awardee,,,,,,In march 2026 Georgy Gomon received the SAfJR Best Presentation award at the SAfJR Congress in Amsterdam Georgy won Best Presentation for his talk about Multi-State models with time restricted transitions. His multi-state model is a key methodological foundation for the modular SPIDERR framework — and seeing it recognised at an international conference is a proud moment for the whole team.,georgy_2026_SAfJR_award.jpeg,public,,_pages/awards.html,,
award_2_digital-rheumatology-research-award-2025,tjardo_maarseveen,Tjardo Maarseveen,award,Digital Rheumatology Research Award 2025,2025,2025,2025,,,awardee,,,,https://www.lumc.nl/actueel/2025/prijzen-subsidies-en-benoemingen-3-april-2025/,,"In March of 2025 Tjardo Maarseveen received the prestigious Digital Rheumatology Research Award during the Digital Rheumatology Days in Berlin. In his research, Maarseveen demonstrated that artificial intelligence (AI) can be used to improve the triage of patients with muscle and joint complaints. The AI technology he developed can predict with high accuracy whether a patient is at risk of rheumatoid arthritis, osteoarthritis, or fibromyalgia—even before their visit to the rheumatologist. The practical applications of this innovation are very promising: patients can receive the right care more quickly, and the workload in healthcare is reduced. For more information (Dutch): https://www.lumc.nl/actueel/2025/prijzen-subsidies-en-benoemingen-3-april-2025/ For more information: https://www.lumc.nl/actueel/2025/prijzen-subsidies-en-benoemingen-3-april-2025/",tjardo_DRD2025_award.png,public,,_pages/awards.html,,
award_3_eular-clinical-research-abstract-award-2024,nils_steinz,Nils Steinz,award,EULAR Clinical Research Abstract Award 2024,2024,2024,2024,,,awardee,,,,https://www.lumc.nl/actueel/2024/prijze-subsidies-en-benoemingen/,,"In June 2024 Nils Steinz received the EULAR Clinical Research Abstract award at the EULAR Congress in Vienna. The EULAR Clinical Research Abstract award is a prize that is awarded annually to researchers who have presented new, good and interesting studies at the EULAR (The European Alliance of Associations for Rheumatology) congress. Steinz's research concerns the different trajectories of patients with rheumatoid arthritis (RA) in the first year and a half after their first visit to the clinic. Patients differ in the type of inflammation they have and how well they respond to treatment. Classifying patients in this way could be a first step toward better segmentation of RA patients and discovering better treatment strategies to help in a more targeted manner. For more information (Dutch): https://www.lumc.nl/actueel/2024/prijze-subsidies-en-benoemingen/ For more information: https://www.lumc.nl/actueel/2024/prijze-subsidies-en-benoemingen/",nils_EULAR2024_award.png,public,,_pages/awards.html,,
application_1_rheumalyze,lab,Knevel Lab,application,Rheumalyze,,,,,,Developed by Nick Bos,,,,https://github.com/Knevel-Lab/Rheumalyze,,"This project provides a client-based webtool tool that classifies rheumatoid arthritis into four distinct phenotypes based on initial clinical presentation, that were primarily characterized by their unique joint involvement pattern (JIP): feet, oligoarticular, hand, and polyarticular distribution. Tool available here",Rheumalyze.png,public,,_pages/applications.html,,
application_2_poodle,lab,Knevel Lab,application,Poodle,,,,,,Developed by TD Maarseveen,,,,https://github.com/levrex/Poodle,,Projecting Observations On a Deep Learned Embedding; Pipeline for the projection of new samples onto a shared product space,Poodle_img.jpg,public,,_pages/applications.html,,
application_3_dx-extraction,lab,Knevel Lab,application,Dx Extraction,,,,,,Developed by TD Maarseveen,,,,https://github.com/levrex/DiagnosisExtraction_ML,,Pipeline for the extraction of diagnoses from free-written text fields in electronic health records.,DxE_img.jpg,public,,_pages/applications.html,,
application_4_ehr-clustering-framework,lab,Knevel Lab,application,EHR Clustering Framework,,,,,,Developed by MP Maurits,,,,https://github.com/MarcMaurits/EHRClustering,,Framework for the clustering of patients based on medical history as recorded in electronic health records,ClusterFrame_img.jpg,public,,_pages/applications.html,,
application_5_ehr-clustering-ra,lab,Knevel Lab,application,EHR Clustering RA,,,,,,Developed by TD Maarseveen,,,,https://github.com/levrex/EHR-Clustering-RA,,"Pipeline that casts different EHR-layers, such as lab- and mannequin- data, into a shared latent space and performs clustering accordingly",EHRClustering_img.jpg,public,,_pages/applications.html,,
application_6_gprob,lab,Knevel Lab,application,GProb,,,,,,Developed by R Knevel,,,,https://github.com/Knevel-Lab/GPROB,,"Code repository for the GProb tool, used to expedite arthritis classification using genetic risk profiles",GPROB_img.jpg,public,,_pages/applications.html,,
application_7_ssc-risk-prediction,lab,Knevel Lab,application,SSc Risk Prediction,,,,,,Developed by MP Maurits,,,,https://mpmaurits.shinyapps.io/ssccalculaterisk/,,RShiny application for the prediction of SSc progression risk,SSc_img.jpg,public,,_pages/applications.html,,
application_8_elisa-app,lab,Knevel Lab,application,ELISA App,,,,,,"Developed by M van Rooij, C Band, A de Keijer & D Schooneveld",,,,https://github.com/levrex/ELISA-APP,,Tool for processing ELISA Reader output,ELISA_img.jpg,public,,_pages/applications.html,,
application_9_cloudcover,lab,Knevel Lab,application,CloudCover,,,,,,Developed by MP Maurits,,,,https://github.com/MarcMaurits/CloudCover,,A repository for the R functions used to create the simplified word clouds described in Maurits et al 2022,CloudCover_img.jpg,public,,_pages/applications.html,,
project_1_spiderr-horizon-eu,lab,Knevel Lab,project,SPIDERR-Horizon EU,,,,,,,,,,https://knevel-lab.github.io,,"Lead: Rachel Knevel, Dept of Rheumatology LUMC, the Netherlands Our role: Project lead Aim: Aim: SPIDeRR aims to disentangle the real-life complexity of early diagnosis of rheumatic diseases by considering the complete web of factors influencing patients’ symptoms. It will deliver: -a symptom checker for patients, -a decision support tool for (primary) care providers providing guiding additional examination and referral decisions -a patient-patient similarity network to optimise diagnostic groups in rheumatology and support treatment decision",SPIDeRR_logo_crop.png,public,,_pages/projects.html,,
project_2_digiprevent-eithealth,lab,Knevel Lab,project,Digiprevent - EITHealth,,,,,,,,,,https://eithealth.eu/product-service/digiprevent/,,"Lead: Lars Klareskog, Dept of Rheumatology Karolinska Institute Zweden Our role: Implementation Aim: DigiPrevent enables personalised prevention in RA, combined with much earlier treatment if arthritis ensues, through a new digital screening procedure, Rheumatic and a blood based diagnostic tool, Rheuma-multiplex.",EITHealth.jpg,public,,_pages/projects.html,,
project_3_squeeze-horizon-eu,lab,Knevel Lab,project,SQUEEZE - Horizon EU,,,,,,,,,,https://cordis.europa.eu/project/id/101095052,,"Lead: Daniel Aletaha, Dept of Rheumatology, Vienna Our role: Analytic lead Aim: SQUEEZE integrates to validate clinical, laboratory, molecular, digital and behavioural biomarkers to enable the recognition of patients with high likelihood of response to treatment and the selection of the drug with highest chance of benefit for an individual patient; and as such improve efficacy and safety of existing therapies (by squeezing the most out of existing drugs) in synergy with other EU-wide activities",SQUEEZE_logo.jpg,public,,_pages/projects.html,,
project_4_rtcure-imi,lab,Knevel Lab,project,RTCure - IMI,,,,,,,,,,https://www.rtcure.com/,,"Lead: Lars Klareskog, Dept of Rheumatology Karolinska Institute Zweden Our role: Bioinformatic lead Aim: Prevent RA or its progression by inhibiting the expansion of pathogenic autoimmune responses through immune tolerising treatments.",RTCure.jpg,public,,_pages/projects.html,,
pub_rheumatoid-arthritis-susceptibility-genes-show-pathotype-specific-expression-in-synovial-tissue-of-patients-with-early-treatment-na-ve-ra,rachel_knevel;inez_den_hond,Rachel Knevel;Inez den Hond,publication,Rheumatoid arthritis susceptibility genes show pathotype-specific expression in synovial tissue of patients with early treatment-naïve RA.,2026-07-24,2026 Jul 24,2026,Ann Rheum Dis,,,"den Hond IC, Reinders MJT, Lewis MJ, Rivellese F, Pitzalis C, Wong SW, Wechalekar MD, Knevel R, van den Akker EB","den Hond IC, Reinders MJT, Lewis MJ, Rivellese F, Pitzalis C, Wong SW, Wechalekar MD, Knevel R, van den Akker EB. (2026) ""Rheumatoid arthritis susceptibility genes show pathotype-specific expression in synovial tissue of patients with early treatment-naïve RA."" <i>Ann Rheum Dis.</i> doi: 10.1016/j.ard.2026.06.032.",10.1016/j.ard.2026.06.032,https://doi.org/10.1016/j.ard.2026.06.032,42498579,"Rheumatoid arthritis (RA) exhibits clinical and biological heterogeneity, with synovial tissue stratified into histological pathotypes: lympho-myeloid, diffuse-myeloid, and pauci-immune fibroid. Although genome-wide association studies (GWAS) have uncovered RA risk loci, how genetic risk relates to synovial immunopathology remains unclear. To better understand how genetic predisposition may shape divergent early disease mechanisms, we characterised the expression patterns of GWAS-identified RA susceptibility genes and related rheumatic diseases across the synovial pathotypes. Synovial RNA sequencing of patients with early RA (Pathobiology of Early Arthritis Cohort [PEAC] [N = 87] and Flinders [N = 18]) was used for differential gene expression between pathotypes, and pathway enrichment analyses were performed using GWAS-identified susceptibility genes for RA, osteoarthritis (OA), ankylosing spondylitis, psoriatic arthritis, and systemic lupus erythematosus. RA susceptibility gene expression in synovial tissue separated patients by pathotype and correlated with markers of disease activity. RA susceptibility genes were significantly enriched among genes upregulated in lympho-myeloid synovium and linked to lymphocyte activation and differentiation pathways. In contrast, OA susceptibility genes were upregulated in diffuse-myeloid and fibroid synovium. Both patterns were most pronounced in anticitrullinated protein antibody (ACPA)-positive and directionally consistent in ACPA-negative patients. Expression of RA susceptibility genes is not evenly distributed across synovial pathotypes but is strongly biased towards the lympho-myeloid pathotype, indicating that current GWAS signals preferentially capture immune-driven disease mechanisms. Enrichment of OA susceptibility genes in diffuse-myeloid and fibroid pathotypes, even among ACPA-positive patients, suggests shared biological features between autoimmune and noninflammatory degenerative joint diseases in certain RA subtypes. Synovial pathotype stratification is therefore essential for interpreting genetic risk and understanding disease heterogeneity.",,public,,,,
outreach_met-ai-en-data-naar-betere-reumazorg-het-europese-spiderr-project,rachel_knevel,Rachel Knevel,public_outreach,Met AI en data naar betere reumazorg: Het Europese SPIDeRR-project,2025-06-05,2025 Jun 5,2025,Neth-ER,,,,,,https://www.neth-er.eu/onderwijs/uitgelicht-met-ai-en-data-naar-betere-reumazorg-het-europese-spiderr-project,,,,public,,,,Google Sheet submission 8/7/2026 15:04:44
